scope,field,method,lead_days,mean_rmse,ratio_to_persistence,ratio_to_climatology
training_gate,surface_speed,model,10,0.0004648894963288007,0.20640796533925218,0.12186991813469707
training_gate,surface_speed,model,20,0.0006459271440420437,0.19757217553906747,0.16949612471349323
training_gate,surface_speed,model,30,0.0007645661823550688,0.1963080418161346,0.20067134863909233
training_gate,surface_speed,model,40,0.0008812255579094333,0.18791101378748848,0.23153756278079204
training_gate,surface_speed,model,50,0.0009892638448272244,0.19363177850210764,0.2600059194676521
training_gate,surface_speed,model,60,0.0010828156087814864,0.20164720651945447,0.2846380326420274
training_gate,surface_speed,model,70,0.0011742213984554703,0.21372551341259113,0.30912941883053474
training_gate,surface_speed,model,80,0.0012580592103336972,0.2262384009387748,0.3312752620825395
training_gate,surface_speed,model,90,0.001346041005604935,0.2387384455341771,0.354366067898894
training_gate,sst,model,10,0.004136615651400967,0.19455434773622984,0.10556927211464903
training_gate,sst,model,20,0.0061806889285367945,0.17545615014007068,0.15794179316828347
training_gate,sst,model,30,0.007544832491678082,0.16730559570309284,0.19297558938303874
training_gate,sst,model,40,0.008744985981913353,0.1638341720992463,0.22386915251822462
training_gate,sst,model,50,0.009919129269783972,0.17180486227765127,0.2541773698486045
training_gate,sst,model,60,0.010998722772044991,0.18593077308065392,0.2820651856840226
training_gate,sst,model,70,0.011995237412931467,0.20340363189383215,0.3080682584666993
training_gate,sst,model,80,0.012996712247668593,0.22256236032016657,0.3340716894066686
training_gate,sst,model,90,0.013958141350842737,0.23877783920770987,0.3587546188042456
training_gate,phihyd_surface,model,10,0.0026471484400745894,0.2713653432134869,0.04826842071881116
training_gate,phihyd_surface,model,20,0.004161011213781657,0.2787749840881697,0.07608605295912065
training_gate,phihyd_surface,model,30,0.005517450206982041,0.29456131081679804,0.10106449435953506
training_gate,phihyd_surface,model,40,0.006776785948831174,0.2902897223335567,0.12442272714477795
training_gate,phihyd_surface,model,50,0.007971804303168836,0.2984578613621526,0.14670027829884497
training_gate,phihyd_surface,model,60,0.009095163070769222,0.31218699653168297,0.16766710959019596
training_gate,phihyd_surface,model,70,0.010158964913959305,0.33120274178726006,0.18780094637416578
training_gate,phihyd_surface,model,80,0.011182167366388496,0.35384073896973667,0.20711861954441668
training_gate,phihyd_surface,model,90,0.012153787455625004,0.3813535784385081,0.22547396768833214
training_gate,streamfunction,model,10,0.07394415530962524,0.7511096147070938,0.33666988291581473
training_gate,streamfunction,model,20,0.1160075559867201,0.6578158847424271,0.5296029360008827
training_gate,streamfunction,model,30,0.1612850485024629,0.6621258604760478,0.7353767017521496
training_gate,streamfunction,model,40,0.20693101747030462,0.6821232186043116,0.9439112118618903
training_gate,streamfunction,model,50,0.252186417510664,0.7245803567785112,1.1514517946197382
training_gate,streamfunction,model,60,0.2963731300913625,0.7788394907627889,1.351130482267402
training_gate,streamfunction,model,70,0.3418654812016973,0.8550267305720874,1.5628245388181914
training_gate,streamfunction,model,80,0.3867523416324898,0.9454858832448323,1.767067809340317
training_gate,streamfunction,model,90,0.42782856852368073,1.0470045959338385,1.9507189368390494
fixed_S2_validation_figure,surface_speed,model,0,0.0,nan,0.0
fixed_S2_validation_figure,surface_speed,model,10,0.0006587726374467213,0.21572726545121845,0.2034362479547256
fixed_S2_validation_figure,surface_speed,model,20,0.0008109337960680326,0.21050008969943285,0.25376585424809667
fixed_S2_validation_figure,surface_speed,model,30,0.0008928043573784331,0.19734225379760226,0.2624555868784241
fixed_S2_validation_figure,surface_speed,model,40,0.0010040599775190155,0.19709554354811562,0.30810199516516745
fixed_S2_validation_figure,surface_speed,model,50,0.0010841767497671148,0.22983131564537881,0.33638454466340667
fixed_S2_validation_figure,surface_speed,model,60,0.0011213049525395035,0.21698312812242335,0.3151573359474464
fixed_S2_validation_figure,surface_speed,model,70,0.001190680762132009,0.22267775382791444,0.33612665543224285
fixed_S2_validation_figure,surface_speed,model,80,0.0012573211531465252,0.24880064903797203,0.3714999358515783
fixed_S2_validation_figure,surface_speed,model,90,0.0013427088114743432,0.24071840725776852,0.3753797257969221
fixed_S2_validation_figure,surface_speed,model,100,0.001411137729883194,0.24886853359278568,0.3917668500907669
fixed_S2_validation_figure,surface_speed,model,110,0.0014689389150589704,0.2687142056950551,0.4139789133007643
fixed_S2_validation_figure,surface_speed,model,120,0.0015036276541650294,0.3094565926016641,0.41241734658465884
fixed_S2_validation_figure,surface_speed,model,130,0.0016119945251072446,0.41016766986943853,0.46629221585272523
fixed_S2_validation_figure,surface_speed,model,140,0.0017280621919780969,0.5094663552861377,0.5248769684785309
fixed_S2_validation_figure,surface_speed,model,150,0.0018173200621580084,1.8160051978593745,0.532096809935653
fixed_S2_validation_figure,surface_speed,model,160,0.0019545060116797686,0.8134556007335038,0.5887437079692303
fixed_S2_validation_figure,surface_speed,model,170,0.0020702633929128448,0.5450269154222724,0.6544039166624651
fixed_S2_validation_figure,surface_speed,model,180,0.0021861898091932136,0.5173410828840588,0.6474367185591956
fixed_S2_validation_figure,surface_speed,model,190,0.0023198379979779324,0.4571012601717465,0.6965935996805599
fixed_S2_validation_figure,surface_speed,model,200,0.0024212411449601253,0.5049122551451585,0.7604411370854418
fixed_S2_validation_figure,surface_speed,climatology,0,0.003420626698061824,nan,1.0
fixed_S2_validation_figure,surface_speed,climatology,10,0.0032382264422873655,1.060417047699524,1.0
fixed_S2_validation_figure,surface_speed,climatology,20,0.0031955985507617396,0.8295051764278554,1.0
fixed_S2_validation_figure,surface_speed,climatology,30,0.0034017350059002637,0.7519072317901012,1.0
fixed_S2_validation_figure,surface_speed,climatology,40,0.003258855811630686,0.6397087543767984,1.0
fixed_S2_validation_figure,surface_speed,climatology,50,0.0032230278321852286,0.6832398196990673,1.0
fixed_S2_validation_figure,surface_speed,climatology,60,0.003557921154424548,0.6884914402202146,1.0
fixed_S2_validation_figure,surface_speed,climatology,70,0.003542357450351119,0.6624816872722024,1.0
fixed_S2_validation_figure,surface_speed,climatology,80,0.0033844451420009134,0.669719224762862,1.0
fixed_S2_validation_figure,surface_speed,climatology,90,0.003576934818799297,0.6412664049629456,1.0
fixed_S2_validation_figure,surface_speed,climatology,100,0.003601983500023683,0.6352465338379863,1.0
fixed_S2_validation_figure,surface_speed,climatology,110,0.003548342362046242,0.6491011910546967,1.0
fixed_S2_validation_figure,surface_speed,climatology,120,0.0036458884831517937,0.7503481489427131,1.0
fixed_S2_validation_figure,surface_speed,climatology,130,0.0034570478989432254,0.8796365367569996,1.0
fixed_S2_validation_figure,surface_speed,climatology,140,0.003292318573221564,0.9706395705701011,1.0
fixed_S2_validation_figure,surface_speed,climatology,150,0.003415393643081188,3.412922543322494,1.0
fixed_S2_validation_figure,surface_speed,climatology,160,0.0033197909127920867,1.3816803300359308,1.0
fixed_S2_validation_figure,surface_speed,climatology,170,0.003163586494823297,0.8328601060366082,1.0
fixed_S2_validation_figure,surface_speed,climatology,180,0.003376684927692016,0.7990604611294654,1.0
fixed_S2_validation_figure,surface_speed,climatology,190,0.003330260282382369,0.6561950330599671,1.0
fixed_S2_validation_figure,surface_speed,climatology,200,0.0031839954822013776,0.6639728317175816,1.0
fixed_S2_validation_figure,surface_speed,persistence,0,0.0,nan,0.0
fixed_S2_validation_figure,surface_speed,persistence,10,0.0030537291429936888,1.0,0.9430252014237291
fixed_S2_validation_figure,surface_speed,persistence,20,0.0038524154418458543,1.0,1.2055379862803943
fixed_S2_validation_figure,surface_speed,persistence,30,0.0045241418915490305,1.0,1.3299512994698197
fixed_S2_validation_figure,surface_speed,persistence,40,0.00509428046643734,1.0,1.5632113726100183
fixed_S2_validation_figure,surface_speed,persistence,50,0.004717271650830904,1.0,1.4636149287089995
fixed_S2_validation_figure,surface_speed,persistence,60,0.005167705720911423,1.0,1.4524508825849005
fixed_S2_validation_figure,surface_speed,persistence,70,0.005347102445860704,1.0,1.509475686969619
fixed_S2_validation_figure,surface_speed,persistence,80,0.005053528429319461,1.0,1.4931630495661605
fixed_S2_validation_figure,surface_speed,persistence,90,0.005577923295398553,1.0,1.5594142968674354
fixed_S2_validation_figure,surface_speed,persistence,100,0.0056702135441203914,1.0,1.5741919817464765
fixed_S2_validation_figure,surface_speed,persistence,110,0.005466547297934691,1.0,1.5405918426603762
fixed_S2_validation_figure,surface_speed,persistence,120,0.004858929136147102,1.0,1.3327146890534238
fixed_S2_validation_figure,surface_speed,persistence,130,0.003930086751158039,1.0,1.1368331784929608
fixed_S2_validation_figure,surface_speed,persistence,140,0.0033919064017633596,1.0,1.0302485395404333
fixed_S2_validation_figure,surface_speed,persistence,150,0.0010007240421449144,1.0,0.2930040126332594
fixed_S2_validation_figure,surface_speed,persistence,160,0.002402719963962833,1.0,0.7237564133043675
fixed_S2_validation_figure,surface_speed,persistence,170,0.0037984608362118403,1.0,1.2006818345025223
fixed_S2_validation_figure,surface_speed,persistence,180,0.004225819061199824,1.0,1.251469755600857
fixed_S2_validation_figure,surface_speed,persistence,190,0.005075107421725988,1.0,1.5239371674863225
fixed_S2_validation_figure,surface_speed,persistence,200,0.00479537012676398,1.0,1.5060857195213468
fixed_S2_validation_figure,sst,model,0,0.0,nan,0.0
fixed_S2_validation_figure,sst,model,10,0.004845376250644525,0.2061186410177217,0.1327519348856474
fixed_S2_validation_figure,sst,model,20,0.0067960658731559915,0.18660733235461335,0.1869481702634611
fixed_S2_validation_figure,sst,model,30,0.0083361375456055,0.18824440533586603,0.22294559233175615
fixed_S2_validation_figure,sst,model,40,0.009554326844712099,0.19225690497757203,0.25683079067467424
fixed_S2_validation_figure,sst,model,50,0.010452515445649624,0.20691592570858724,0.2897026420718331
fixed_S2_validation_figure,sst,model,60,0.011404364928603172,0.22380300752974644,0.3040007269795261
fixed_S2_validation_figure,sst,model,70,0.012588759263356527,0.24907605847327716,0.32988064088438473
fixed_S2_validation_figure,sst,model,80,0.01371672097593546,0.2785286957840636,0.37924802774876354
fixed_S2_validation_figure,sst,model,90,0.014920145894090334,0.295079088015079,0.40847747080032454
fixed_S2_validation_figure,sst,model,100,0.016132080492873988,0.30296725757849635,0.4214190513825479
fixed_S2_validation_figure,sst,model,110,0.01728914069632689,0.3259596440567549,0.45688320088235757
fixed_S2_validation_figure,sst,model,120,0.01857014882067839,0.4009635329094936,0.4948718197837406
fixed_S2_validation_figure,sst,model,130,0.019860385606686275,0.5190975859366311,0.5253110178726672
fixed_S2_validation_figure,sst,model,140,0.020780810465415318,0.7305054233687917,0.5591487893275872
fixed_S2_validation_figure,sst,model,150,0.0217270794014136,2.9502113844406783,0.591603513611098
fixed_S2_validation_figure,sst,model,160,0.022824465483427047,1.2728829126970431,0.619559954684693
fixed_S2_validation_figure,sst,model,170,0.023820985481142996,0.706956762545774,0.6527918403188057
fixed_S2_validation_figure,sst,model,180,0.024676812067627906,0.58620926671931,0.6621744955552917
fixed_S2_validation_figure,sst,model,190,0.025445262094338734,0.5230678562483748,0.6744507539340102
fixed_S2_validation_figure,sst,model,200,0.02622483472029368,0.5194821783324818,0.7191306709566242
fixed_S2_validation_figure,sst,climatology,0,0.0365861768523852,nan,1.0
fixed_S2_validation_figure,sst,climatology,10,0.03649947742621104,1.5526601642022952,1.0
fixed_S2_validation_figure,sst,climatology,20,0.0363526739180088,0.9981768320686562,1.0
fixed_S2_validation_figure,sst,climatology,30,0.03739090537031491,0.8443513207282757,1.0
fixed_S2_validation_figure,sst,climatology,40,0.03720086216926575,0.7485742051119662,1.0
fixed_S2_validation_figure,sst,climatology,50,0.036080152293046314,0.7142355493509152,1.0
fixed_S2_validation_figure,sst,climatology,60,0.03751426860690117,0.7361923432006107,1.0
fixed_S2_validation_figure,sst,climatology,70,0.03816155816117923,0.7550490316907452,1.0
fixed_S2_validation_figure,sst,climatology,80,0.03616820648312569,0.7344235840524332,1.0
fixed_S2_validation_figure,sst,climatology,90,0.03652623941500981,0.7223876691092275,1.0
fixed_S2_validation_figure,sst,climatology,100,0.038280377785364784,0.718921597361469,1.0
fixed_S2_validation_figure,sst,climatology,110,0.03784148916602135,0.7134419550275519,1.0
fixed_S2_validation_figure,sst,climatology,120,0.03752516930301984,0.8102371500658797,1.0
fixed_S2_validation_figure,sst,climatology,130,0.037806908537944155,0.9881718986949896,1.0
fixed_S2_validation_figure,sst,climatology,140,0.037165081749359764,1.3064598141172263,1.0
fixed_S2_validation_figure,sst,climatology,150,0.036725744356711706,4.986805041830865,1.0
fixed_S2_validation_figure,sst,climatology,160,0.036839801073074344,2.0544951349298226,1.0
fixed_S2_validation_figure,sst,climatology,170,0.03649093632896741,1.0829742635883985,1.0
fixed_S2_validation_figure,sst,climatology,180,0.03726632818579674,0.8852791381337057,1.0
fixed_S2_validation_figure,sst,climatology,190,0.037727383275826774,0.7755464030507303,1.0
fixed_S2_validation_figure,sst,climatology,200,0.03646741236249606,0.722375222352066,1.0
fixed_S2_validation_figure,sst,persistence,0,0.0,nan,0.0
fixed_S2_validation_figure,sst,persistence,10,0.02350770520667235,1.0,0.6440559389979368
fixed_S2_validation_figure,sst,persistence,20,0.03641907200217247,1.0,1.0018264979438216
fixed_S2_validation_figure,sst,persistence,30,0.04428358723719915,1.0,1.1843411331878693
fixed_S2_validation_figure,sst,persistence,40,0.04969562391440074,1.0,1.3358729076837845
fixed_S2_validation_figure,sst,persistence,50,0.05051576097806295,1.0,1.400098330178024
fixed_S2_validation_figure,sst,persistence,60,0.05095715671777725,1.0,1.3583406690328785
fixed_S2_validation_figure,sst,persistence,70,0.05054182782769203,1.0,1.3244173001066537
fixed_S2_validation_figure,sst,persistence,80,0.04924706568320592,1.0,1.3616120474810436
fixed_S2_validation_figure,sst,persistence,90,0.05056321000059446,1.0,1.3842982691455612
fixed_S2_validation_figure,sst,persistence,100,0.05324694365262985,1.0,1.3909722613288062
fixed_S2_validation_figure,sst,persistence,110,0.053040739893913266,1.0,1.4016557239914236
fixed_S2_validation_figure,sst,persistence,120,0.04631380985180537,1.0,1.2342065528823145
fixed_S2_validation_figure,sst,persistence,130,0.03825944513082504,1.0,1.011969679891354
fixed_S2_validation_figure,sst,persistence,140,0.028447167947888374,1.0,0.7654272938166866
fixed_S2_validation_figure,sst,persistence,150,0.007364583946764469,1.0,0.20052919486759363
fixed_S2_validation_figure,sst,persistence,160,0.01793131579955419,1.0,0.4867375848199115
fixed_S2_validation_figure,sst,persistence,170,0.03369510943690936,1.0,0.9233829774370942
fixed_S2_validation_figure,sst,persistence,180,0.04209556803107262,1.0,1.1295872193578878
fixed_S2_validation_figure,sst,persistence,190,0.048646197219689685,1.0,1.2894134974597873
fixed_S2_validation_figure,sst,persistence,200,0.05048264563083649,1.0,1.3843221210494776
fixed_S2_validation_figure,phihyd_surface,model,0,0.0,nan,0.0
fixed_S2_validation_figure,phihyd_surface,model,10,0.0032415721410264573,0.25183286434809776,0.045893174769790886
fixed_S2_validation_figure,phihyd_surface,model,20,0.004772387569149336,0.28411957755921774,0.06753520696556219
fixed_S2_validation_figure,phihyd_surface,model,30,0.0061050349536041415,0.28333060861462117,0.08587193140923045
fixed_S2_validation_figure,phihyd_surface,model,40,0.007376204555233319,0.2889200431738174,0.10417589223836823
fixed_S2_validation_figure,phihyd_surface,model,50,0.008538021023074787,0.3351496551575049,0.12058127477982876
fixed_S2_validation_figure,phihyd_surface,model,60,0.009683084984620413,0.32460220957369484,0.13538607291436208
fixed_S2_validation_figure,phihyd_surface,model,70,0.010824369514981906,0.34067115346142623,0.15126871810612694
fixed_S2_validation_figure,phihyd_surface,model,80,0.011846196030577023,0.39621319825255497,0.16627638434140596
fixed_S2_validation_figure,phihyd_surface,model,90,0.012814653478562832,0.4062275466634184,0.17905775387873832
fixed_S2_validation_figure,phihyd_surface,model,100,0.01384944822639227,0.4359048925585913,0.1927310783839479
fixed_S2_validation_figure,phihyd_surface,model,110,0.01481604240834713,0.519523519021689,0.20613863973569646
fixed_S2_validation_figure,phihyd_surface,model,120,0.015718861607213815,0.6690070852496875,0.21835864857439918
fixed_S2_validation_figure,phihyd_surface,model,130,0.016629232466220854,0.9224548591036991,0.2316154329497701
fixed_S2_validation_figure,phihyd_surface,model,140,0.0174948301166296,1.2138460350681939,0.24409425134752996
fixed_S2_validation_figure,phihyd_surface,model,150,0.01834374057749907,4.17658844714366,0.25488838285511045
fixed_S2_validation_figure,phihyd_surface,model,160,0.019180930654207864,1.8804596067454962,0.2667363323400474
fixed_S2_validation_figure,phihyd_surface,model,170,0.019950509568055472,1.217054990405022,0.27802437106540584
fixed_S2_validation_figure,phihyd_surface,model,180,0.020729983349641164,1.0504087863821816,0.2871363520492022
fixed_S2_validation_figure,phihyd_surface,model,190,0.021528508886694907,0.8546935779196345,0.298525831741039
fixed_S2_validation_figure,phihyd_surface,model,200,0.022319338470697402,0.8817400351593113,0.3105383475792643
fixed_S2_validation_figure,phihyd_surface,climatology,0,0.07083700944979986,nan,1.0
fixed_S2_validation_figure,phihyd_surface,climatology,10,0.07063298970460892,5.487370738924481,1.0
fixed_S2_validation_figure,phihyd_surface,climatology,20,0.07066518018643062,4.206984628093271,1.0
fixed_S2_validation_figure,phihyd_surface,climatology,30,0.07109465052684148,3.2994554095258852,1.0
fixed_S2_validation_figure,phihyd_surface,climatology,40,0.07080529282490412,2.7733867881134158,1.0
fixed_S2_validation_figure,phihyd_surface,climatology,50,0.07080718825260798,2.7794502568451023,1.0
fixed_S2_validation_figure,phihyd_surface,climatology,60,0.07152201682329178,2.3976041448445047,1.0
fixed_S2_validation_figure,phihyd_surface,climatology,70,0.07155722379684448,2.2520925524232878,1.0
fixed_S2_validation_figure,phihyd_surface,climatology,80,0.07124400784571966,2.3828591162953883,1.0
fixed_S2_validation_figure,phihyd_surface,climatology,90,0.07156715194384257,2.268695646313782,1.0
fixed_S2_validation_figure,phihyd_surface,climatology,100,0.07185892562071482,2.261726008143878,1.0
fixed_S2_validation_figure,phihyd_surface,climatology,110,0.07187416404485703,2.520262672188986,1.0
fixed_S2_validation_figure,phihyd_surface,climatology,120,0.07198643932739894,3.063799348537108,1.0
fixed_S2_validation_figure,phihyd_surface,climatology,130,0.07179673761129379,3.982700320767268,1.0
fixed_S2_validation_figure,phihyd_surface,climatology,140,0.0716724380850792,4.972857936502473,1.0
fixed_S2_validation_figure,phihyd_surface,climatology,150,0.07196773886680603,16.385950588881144,1.0
fixed_S2_validation_figure,phihyd_surface,climatology,160,0.07190970381100972,7.049881769942769,1.0
fixed_S2_validation_figure,phihyd_surface,climatology,170,0.07175813217957815,4.377511891282031,1.0
fixed_S2_validation_figure,phihyd_surface,climatology,180,0.07219560742378235,3.658222927489826,1.0
fixed_S2_validation_figure,phihyd_surface,climatology,190,0.07211606701215108,2.863047304599932,1.0
fixed_S2_validation_figure,phihyd_surface,climatology,200,0.07187305092811584,2.839391791811634,1.0
fixed_S2_validation_figure,phihyd_surface,persistence,0,0.0,nan,0.0
fixed_S2_validation_figure,phihyd_surface,persistence,10,0.012871918641030789,1.0,0.18223663892554834
fixed_S2_validation_figure,phihyd_surface,persistence,20,0.01679710919658343,1.0,0.2376999415025743
fixed_S2_validation_figure,phihyd_surface,persistence,30,0.021547389402985572,1.0,0.30308031959240656
fixed_S2_validation_figure,phihyd_surface,persistence,40,0.025530262539784115,1.0,0.3605699732492941
fixed_S2_validation_figure,phihyd_surface,persistence,50,0.02547524931530158,1.0,0.3597833771398664
fixed_S2_validation_figure,phihyd_surface,persistence,60,0.029830619444449744,1.0,0.4170830293859266
fixed_S2_validation_figure,phihyd_surface,persistence,70,0.03177366033196449,1.0,0.44403148481796806
fixed_S2_validation_figure,phihyd_surface,persistence,80,0.02989853968222936,1.0,0.41966392102722877
fixed_S2_validation_figure,phihyd_surface,persistence,90,0.03154550592104594,1.0,0.44078190991586647
fixed_S2_validation_figure,phihyd_surface,persistence,100,0.03177172007660071,1.0,0.4421402046044765
fixed_S2_validation_figure,phihyd_surface,persistence,110,0.028518521040678025,1.0,0.3967840380429256
fixed_S2_validation_figure,phihyd_surface,persistence,120,0.023495807374517123,1.0,0.3263921315465637
fixed_S2_validation_figure,phihyd_surface,persistence,130,0.01802715038259824,1.0,0.2510859264970631
fixed_S2_validation_figure,phihyd_surface,persistence,140,0.014412725841005643,1.0,0.2010916082399336
fixed_S2_validation_figure,phihyd_surface,persistence,150,0.004392039294665058,1.0,0.06102789060517248
fixed_S2_validation_figure,phihyd_surface,persistence,160,0.010200129045794407,1.0,0.14184635042583388
fixed_S2_validation_figure,phihyd_surface,persistence,170,0.01639244711647431,1.0,0.22844027037174588
fixed_S2_validation_figure,phihyd_surface,persistence,180,0.019735157986481986,1.0,0.2733567690709798
fixed_S2_validation_figure,phihyd_surface,persistence,190,0.025188569848736127,1.0,0.349278196833613
fixed_S2_validation_figure,phihyd_surface,persistence,200,0.025312833239634833,1.0,0.3521880998895063
