method,field,lead_days,rmse_ratio_to_persistence
raw,sst,10,0.8781028633262534
raw,sst,20,0.9798574909487436
raw,sst,30,1.1396667459129282
raw,sst,40,1.3121543851427222
raw,sst,50,1.576665821668483
raw,sst,60,1.948988781326942
raw,sst,70,2.4477716437683776
raw,sst,80,3.0902816268020743
raw,sst,90,3.8766476155938294
raw,phihyd_surface,10,0.5557576977169228
raw,phihyd_surface,20,0.723885063416196
raw,phihyd_surface,30,0.9530346249817311
raw,phihyd_surface,40,1.1453503095270354
raw,phihyd_surface,50,1.4133805392650909
raw,phihyd_surface,60,1.7642346936193911
raw,phihyd_surface,70,2.2377951567650762
raw,phihyd_surface,80,2.8760130199596485
raw,phihyd_surface,90,3.77153210371922
raw,ssh,10,0.5463271947990035
raw,ssh,20,0.7330667404118931
raw,ssh,30,0.9705884475718507
raw,ssh,40,1.1630939855372897
raw,ssh,50,1.4325292617430387
raw,ssh,60,1.7850487955724972
raw,ssh,70,2.261479612261869
raw,ssh,80,2.9039631801357046
raw,ssh,90,3.8023847459879523
ssh_zero_mean,sst,10,0.8781028633262534
ssh_zero_mean,sst,20,0.9800164096798979
ssh_zero_mean,sst,30,1.1400414607991516
ssh_zero_mean,sst,40,1.3127159718352144
ssh_zero_mean,sst,50,1.5773983638876692
ssh_zero_mean,sst,60,1.9498731771355224
ssh_zero_mean,sst,70,2.4487835331232612
ssh_zero_mean,sst,80,3.0913904520095685
ssh_zero_mean,sst,90,3.8778204060347896
ssh_zero_mean,phihyd_surface,10,0.5439970364473582
ssh_zero_mean,phihyd_surface,20,0.7071392228261804
ssh_zero_mean,phihyd_surface,30,0.9341697178323003
ssh_zero_mean,phihyd_surface,40,1.1266635291186033
ssh_zero_mean,phihyd_surface,50,1.3946349881740892
ssh_zero_mean,phihyd_surface,60,1.7454834191711814
ssh_zero_mean,phihyd_surface,70,2.219230412585399
ssh_zero_mean,phihyd_surface,80,2.858020723106676
ssh_zero_mean,phihyd_surface,90,3.754435630897669
ssh_zero_mean,ssh,10,0.5328311566802039
ssh_zero_mean,ssh,20,0.7141151296003596
ssh_zero_mean,ssh,30,0.9494098297549254
ssh_zero_mean,ssh,40,1.1424126248128803
ssh_zero_mean,ssh,50,1.412087095748197
ssh_zero_mean,ssh,60,1.7649047377677016
ssh_zero_mean,ssh,70,2.241815110924057
ssh_zero_mean,ssh,80,2.885143665581317
ssh_zero_mean,ssh,90,3.7847041619997803
conservation_means,sst,10,0.8741677683956954
conservation_means,sst,20,0.9765839487051422
conservation_means,sst,30,1.1390406159108803
conservation_means,sst,40,1.3153654620028006
conservation_means,sst,50,1.5843728905873598
conservation_means,sst,60,1.9616295922309488
conservation_means,sst,70,2.465274080781501
conservation_means,sst,80,3.111888453914308
conservation_means,sst,90,3.900878696232691
conservation_means,phihyd_surface,10,0.5454771690579713
conservation_means,phihyd_surface,20,0.7084062712362075
conservation_means,phihyd_surface,30,0.93564770316471
conservation_means,phihyd_surface,40,1.1282910998732898
conservation_means,phihyd_surface,50,1.3963573209587237
conservation_means,phihyd_surface,60,1.7471402901828192
conservation_means,phihyd_surface,70,2.220609889541397
conservation_means,phihyd_surface,80,2.85886530108321
conservation_means,phihyd_surface,90,3.754488536482725
conservation_means,ssh,10,0.5328311566802039
conservation_means,ssh,20,0.7144891901035217
conservation_means,ssh,30,0.9501928485229696
conservation_means,ssh,40,1.1433678447147841
conservation_means,ssh,50,1.4130461384435669
conservation_means,ssh,60,1.7656657025143199
conservation_means,ssh,70,2.242154452718961
conservation_means,ssh,80,2.8848166136348996
conservation_means,ssh,90,3.783469739242009
static_bias,sst,10,0.5649761874605115
static_bias,sst,20,0.5975342822611409
static_bias,sst,30,0.7126689631251962
static_bias,sst,40,0.8726902064109038
static_bias,sst,50,1.1218357897499451
static_bias,sst,60,1.475951035328997
static_bias,sst,70,1.9567491795025096
static_bias,sst,80,2.5820308475168097
static_bias,sst,90,3.3501773121202763
static_bias,phihyd_surface,10,0.35975637560362694
static_bias,phihyd_surface,20,0.4746979398856918
static_bias,phihyd_surface,30,0.669419461986945
static_bias,phihyd_surface,40,0.8594995499948562
static_bias,phihyd_surface,50,1.1235425925052853
static_bias,phihyd_surface,60,1.4753964728935416
static_bias,phihyd_surface,70,1.9552782236373836
static_bias,phihyd_surface,80,2.607670170787409
static_bias,phihyd_surface,90,3.5262026331633303
static_bias,ssh,10,0.3492530071986119
static_bias,ssh,20,0.4660199228743216
static_bias,ssh,30,0.664366287699302
static_bias,ssh,40,0.8576487781028851
static_bias,ssh,50,1.126658713490167
static_bias,ssh,60,1.4840106825107218
static_bias,ssh,70,1.9703201213278538
static_bias,ssh,80,2.6296084255767322
static_bias,ssh,90,3.552129350316739
static_bias_conservation,sst,10,0.5637093501984264
static_bias_conservation,sst,20,0.5957067692396654
static_bias_conservation,sst,30,0.7110738076069526
static_bias_conservation,sst,40,0.8720218146018761
static_bias_conservation,sst,50,1.1222095295252539
static_bias_conservation,sst,60,1.4771559604885038
static_bias_conservation,sst,70,1.958267804912917
static_bias_conservation,sst,80,2.58315933278593
static_bias_conservation,sst,90,3.350195030239853
static_bias_conservation,phihyd_surface,10,0.3583581111540178
static_bias_conservation,phihyd_surface,20,0.4736415541032881
static_bias_conservation,phihyd_surface,30,0.6686696189244827
static_bias_conservation,phihyd_surface,40,0.8590171455712378
static_bias_conservation,phihyd_surface,50,1.1233688280326972
static_bias_conservation,phihyd_surface,60,1.4756466931059464
static_bias_conservation,phihyd_surface,70,1.9560963943185725
static_bias_conservation,phihyd_surface,80,2.6091629188368333
static_bias_conservation,phihyd_surface,90,3.5284000092003467
static_bias_conservation,ssh,10,0.34791907935973987
static_bias_conservation,ssh,20,0.4650842047374496
static_bias_conservation,ssh,30,0.6638556041772228
static_bias_conservation,ssh,40,0.8574553563591595
static_bias_conservation,ssh,50,1.126794469663663
static_bias_conservation,ssh,60,1.4845727682623848
static_bias_conservation,ssh,70,1.9714459593949698
static_bias_conservation,ssh,80,2.631397818837396
static_bias_conservation,ssh,90,3.554601120086537
damped_persistence,sst,10,0.9573075363773286
damped_persistence,sst,20,0.8934386433905286
damped_persistence,sst,30,0.8391731982570703
damped_persistence,sst,40,0.788510856359904
damped_persistence,sst,50,0.7558378919067297
damped_persistence,sst,60,0.7368101073644092
damped_persistence,sst,70,0.726460728163631
damped_persistence,sst,80,0.7199885442106939
damped_persistence,sst,90,0.7099960522543552
damped_persistence,phihyd_surface,10,0.9887396359719672
damped_persistence,phihyd_surface,20,0.9775674702179481
damped_persistence,phihyd_surface,30,0.9686012558528951
damped_persistence,phihyd_surface,40,0.9563675109292438
damped_persistence,phihyd_surface,50,0.9469223921221778
damped_persistence,phihyd_surface,60,0.9411287044586975
damped_persistence,phihyd_surface,70,0.9367928924064552
damped_persistence,phihyd_surface,80,0.9355327434974298
damped_persistence,phihyd_surface,90,0.9397295321548658
damped_persistence,ssh,10,0.9941578907399676
damped_persistence,ssh,20,0.9850136449294511
damped_persistence,ssh,30,0.9776665232929286
damped_persistence,ssh,40,0.9636685823973952
damped_persistence,ssh,50,0.9530497123886633
damped_persistence,ssh,60,0.946050325668097
damped_persistence,ssh,70,0.9404063178648647
damped_persistence,ssh,80,0.9379465879189428
damped_persistence,ssh,90,0.9402897956213923
